{
    "precision": {
        "macro avg": 0.9017064291,
        "weighted avg": 0.9022357102
    },
    "recall": {
        "macro avg": 0.9011139609,
        "weighted avg": 0.9011208967
    },
    "f1-score": {
        "macro avg": 0.9006352803,
        "weighted avg": 0.9009222031
    },
    "support": {
        "macro avg": 2498.0,
        "weighted avg": 2498.0
    }
}