{
    "precision": {
        "macro avg": 0.6578920956,
        "weighted avg": 0.659514576
    },
    "recall": {
        "macro avg": 0.657281746,
        "weighted avg": 0.652
    },
    "f1-score": {
        "macro avg": 0.6551784027,
        "weighted avg": 0.6532401178
    },
    "support": {
        "macro avg": 250.0,
        "weighted avg": 250.0
    }
}