{
    "precision": {
        "macro avg": 0.6682576845,
        "weighted avg": 0.6677518456
    },
    "recall": {
        "macro avg": 0.6675564713,
        "weighted avg": 0.66
    },
    "f1-score": {
        "macro avg": 0.6648585505,
        "weighted avg": 0.6607110666
    },
    "support": {
        "macro avg": 250.0,
        "weighted avg": 250.0
    }
}