{
    "precision": {
        "blues": 0.64,
        "classical": 0.8125,
        "country": 0.7391304348,
        "disco": 0.5,
        "hiphop": 0.5666666667,
        "jazz": 0.724137931,
        "metal": 0.8571428571,
        "pop": 0.9090909091,
        "reggae": 0.4166666667,
        "rock": 0.5172413793
    },
    "recall": {
        "blues": 0.7619047619,
        "classical": 0.8125,
        "country": 0.5666666667,
        "disco": 0.4615384615,
        "hiphop": 0.6071428571,
        "jazz": 0.8076923077,
        "metal": 0.8888888889,
        "pop": 0.7692307692,
        "reggae": 0.5,
        "rock": 0.5
    },
    "f1-score": {
        "blues": 0.6956521739,
        "classical": 0.8125,
        "country": 0.641509434,
        "disco": 0.48,
        "hiphop": 0.5862068966,
        "jazz": 0.7636363636,
        "metal": 0.8727272727,
        "pop": 0.8333333333,
        "reggae": 0.4545454545,
        "rock": 0.5084745763
    },
    "support": {
        "blues": 21.0,
        "classical": 16.0,
        "country": 30.0,
        "disco": 26.0,
        "hiphop": 28.0,
        "jazz": 26.0,
        "metal": 27.0,
        "pop": 26.0,
        "reggae": 20.0,
        "rock": 30.0
    }
}