{
    "precision": {
        "blues": 0.64,
        "classical": 0.8666666667,
        "country": 0.7916666667,
        "disco": 0.48,
        "hiphop": 0.5862068966,
        "jazz": 0.8076923077,
        "metal": 0.8571428571,
        "pop": 0.875,
        "reggae": 0.4347826087,
        "rock": 0.5161290323
    },
    "recall": {
        "blues": 0.7619047619,
        "classical": 0.8125,
        "country": 0.6333333333,
        "disco": 0.4615384615,
        "hiphop": 0.6071428571,
        "jazz": 0.8076923077,
        "metal": 0.8888888889,
        "pop": 0.8076923077,
        "reggae": 0.5,
        "rock": 0.5333333333
    },
    "f1-score": {
        "blues": 0.6956521739,
        "classical": 0.8387096774,
        "country": 0.7037037037,
        "disco": 0.4705882353,
        "hiphop": 0.5964912281,
        "jazz": 0.8076923077,
        "metal": 0.8727272727,
        "pop": 0.84,
        "reggae": 0.4651162791,
        "rock": 0.5245901639
    },
    "support": {
        "blues": 21.0,
        "classical": 16.0,
        "country": 30.0,
        "disco": 26.0,
        "hiphop": 28.0,
        "jazz": 26.0,
        "metal": 27.0,
        "pop": 26.0,
        "reggae": 20.0,
        "rock": 30.0
    }
}