{
    "precision": {
        "blues": 0.8661417323,
        "classical": 0.9338521401,
        "country": 0.8363636364,
        "disco": 0.8524590164,
        "hiphop": 0.939516129,
        "jazz": 0.912,
        "metal": 0.9195402299,
        "pop": 0.9264069264,
        "reggae": 0.9242424242,
        "rock": 0.9065420561
    },
    "recall": {
        "blues": 0.9322033898,
        "classical": 0.971659919,
        "country": 0.8745247148,
        "disco": 0.9082969432,
        "hiphop": 0.8893129771,
        "jazz": 0.9083665339,
        "metal": 0.9266409266,
        "pop": 0.8842975207,
        "reggae": 0.920754717,
        "rock": 0.7950819672
    },
    "f1-score": {
        "blues": 0.8979591837,
        "classical": 0.9523809524,
        "country": 0.8550185874,
        "disco": 0.8794926004,
        "hiphop": 0.9137254902,
        "jazz": 0.9101796407,
        "metal": 0.9230769231,
        "pop": 0.9048625793,
        "reggae": 0.9224952741,
        "rock": 0.8471615721
    },
    "support": {
        "blues": 236.0,
        "classical": 247.0,
        "country": 263.0,
        "disco": 229.0,
        "hiphop": 262.0,
        "jazz": 251.0,
        "metal": 259.0,
        "pop": 242.0,
        "reggae": 265.0,
        "rock": 244.0
    }
}