{
    "precision": {
        "blues": 0.5833333333,
        "classical": 0.8125,
        "country": 0.7826086957,
        "disco": 0.4583333333,
        "hiphop": 0.5517241379,
        "jazz": 0.7777777778,
        "metal": 0.8275862069,
        "pop": 0.8333333333,
        "reggae": 0.4,
        "rock": 0.5517241379
    },
    "recall": {
        "blues": 0.6666666667,
        "classical": 0.8125,
        "country": 0.6,
        "disco": 0.4230769231,
        "hiphop": 0.5714285714,
        "jazz": 0.8076923077,
        "metal": 0.8888888889,
        "pop": 0.7692307692,
        "reggae": 0.5,
        "rock": 0.5333333333
    },
    "f1-score": {
        "blues": 0.6222222222,
        "classical": 0.8125,
        "country": 0.679245283,
        "disco": 0.44,
        "hiphop": 0.5614035088,
        "jazz": 0.7924528302,
        "metal": 0.8571428571,
        "pop": 0.8,
        "reggae": 0.4444444444,
        "rock": 0.5423728814
    },
    "support": {
        "blues": 21.0,
        "classical": 16.0,
        "country": 30.0,
        "disco": 26.0,
        "hiphop": 28.0,
        "jazz": 26.0,
        "metal": 27.0,
        "pop": 26.0,
        "reggae": 20.0,
        "rock": 30.0
    }
}