,macro avg,weighted avg
precision,0.6855287035673939,0.6840913602185082
recall,0.6814026251526251,0.676
f1-score,0.6815271041824169,0.6780795078746846
support,250.0,250.0
