{"precision":{"macro avg":0.6858699821,"weighted avg":0.6852621556},"recall":{"macro avg":0.6889163614,"weighted avg":0.68},"f1-score":{"macro avg":0.6852837942,"weighted avg":0.6804862803},"support":{"macro avg":250.0,"weighted avg":250.0}}