,macro avg,weighted avg
precision,0.9004089440676164,0.9009677539578699
recall,0.9000892677357957,0.899919935948759
f1-score,0.8995551948594542,0.8997674082867563
support,2498.0,2498.0
