,macro avg,weighted avg
precision,0.8985426725427546,0.8990182010584619
recall,0.8979724976373115,0.8979183346677342
f1-score,0.8975162683870137,0.8977431309636809
support,2498.0,2498.0
