,macro avg,weighted avg
precision,0.6858699821065549,0.6852621556448667
recall,0.6889163614163614,0.68
f1-score,0.6852837941604024,0.6804862802868172
support,250.0,250.0
