,macro avg,weighted avg
precision,0.900741572555624,0.901204560096187
recall,0.9003215509998033,0.9003202562049639
f1-score,0.8998271375187903,0.9000743423373264
support,2498.0,2498.0
