{"precision":{"macro avg":0.8985426725,"weighted avg":0.8990182011},"recall":{"macro avg":0.8979724976,"weighted avg":0.8979183347},"f1-score":{"macro avg":0.8975162684,"weighted avg":0.897743131},"support":{"macro avg":2498.0,"weighted avg":2498.0}}