,macro avg,weighted avg
precision,0.6873481102585962,0.6876340259002152
recall,0.6890445665445666,0.68
f1-score,0.6856015476516507,0.6811656841581687
support,250.0,250.0
