,blues,classical,country,disco,hiphop,jazz,metal,pop,reggae,rock
precision,0.64,0.8235294117647058,0.7083333333333334,0.5384615384615384,0.6,0.8076923076923077,0.8571428571428571,0.9130434782608695,0.43478260869565216,0.5357142857142857
recall,0.7619047619047619,0.875,0.5666666666666667,0.5384615384615384,0.6428571428571429,0.8076923076923077,0.8888888888888888,0.8076923076923077,0.5,0.5
f1-score,0.6956521739130435,0.8484848484848485,0.6296296296296297,0.5384615384615384,0.6206896551724138,0.8076923076923077,0.8727272727272727,0.8571428571428572,0.46511627906976744,0.5172413793103449
support,21.0,16.0,30.0,26.0,28.0,26.0,27.0,26.0,20.0,30.0
