,blues,classical,country,disco,hiphop,jazz,metal,pop,reggae,rock
precision,0.8700787401574803,0.933852140077821,0.8267148014440433,0.8477366255144033,0.9395161290322581,0.904,0.9227799227799228,0.9267241379310345,0.9163498098859315,0.8976744186046511
recall,0.9364406779661016,0.97165991902834,0.870722433460076,0.8995633187772926,0.8893129770992366,0.900398406374502,0.9227799227799228,0.8884297520661157,0.909433962264151,0.7909836065573771
f1-score,0.9020408163265305,0.9523809523809522,0.8481481481481481,0.8728813559322034,0.9137254901960784,0.9021956087824352,0.9227799227799228,0.9071729957805907,0.9128787878787878,0.8409586056644881
support,236.0,247.0,263.0,229.0,262.0,251.0,259.0,242.0,265.0,244.0
