{"precision":{"blues":0.64,"classical":0.8235294118,"country":0.7083333333,"disco":0.5384615385,"hiphop":0.6,"jazz":0.8076923077,"metal":0.8571428571,"pop":0.9130434783,"reggae":0.4347826087,"rock":0.5357142857},"recall":{"blues":0.7619047619,"classical":0.875,"country":0.5666666667,"disco":0.5384615385,"hiphop":0.6428571429,"jazz":0.8076923077,"metal":0.8888888889,"pop":0.8076923077,"reggae":0.5,"rock":0.5},"f1-score":{"blues":0.6956521739,"classical":0.8484848485,"country":0.6296296296,"disco":0.5384615385,"hiphop":0.6206896552,"jazz":0.8076923077,"metal":0.8727272727,"pop":0.8571428571,"reggae":0.4651162791,"rock":0.5172413793},"support":{"blues":21.0,"classical":16.0,"country":30.0,"disco":26.0,"hiphop":28.0,"jazz":26.0,"metal":27.0,"pop":26.0,"reggae":20.0,"rock":30.0}}