{
    "precision": {
        "blues": 0.8700787402,
        "classical": 0.9375,
        "country": 0.8424908425,
        "disco": 0.8448979592,
        "hiphop": 0.9311740891,
        "jazz": 0.9011857708,
        "metal": 0.9266409266,
        "pop": 0.9227467811,
        "reggae": 0.9195402299,
        "rock": 0.9078341014
    },
    "recall": {
        "blues": 0.936440678,
        "classical": 0.971659919,
        "country": 0.8745247148,
        "disco": 0.903930131,
        "hiphop": 0.8778625954,
        "jazz": 0.9083665339,
        "metal": 0.9266409266,
        "pop": 0.8884297521,
        "reggae": 0.9056603774,
        "rock": 0.8073770492
    },
    "f1-score": {
        "blues": 0.9020408163,
        "classical": 0.9542743539,
        "country": 0.8582089552,
        "disco": 0.8734177215,
        "hiphop": 0.9037328094,
        "jazz": 0.9047619048,
        "metal": 0.9266409266,
        "pop": 0.9052631579,
        "reggae": 0.9125475285,
        "rock": 0.8546637744
    },
    "support": {
        "blues": 236.0,
        "classical": 247.0,
        "country": 263.0,
        "disco": 229.0,
        "hiphop": 262.0,
        "jazz": 251.0,
        "metal": 259.0,
        "pop": 242.0,
        "reggae": 265.0,
        "rock": 244.0
    }
}