{"precision":{"blues":0.8700787402,"classical":0.9338521401,"country":0.8267148014,"disco":0.8477366255,"hiphop":0.939516129,"jazz":0.904,"metal":0.9227799228,"pop":0.9267241379,"reggae":0.9163498099,"rock":0.8976744186},"recall":{"blues":0.936440678,"classical":0.971659919,"country":0.8707224335,"disco":0.8995633188,"hiphop":0.8893129771,"jazz":0.9003984064,"metal":0.9227799228,"pop":0.8884297521,"reggae":0.9094339623,"rock":0.7909836066},"f1-score":{"blues":0.9020408163,"classical":0.9523809524,"country":0.8481481481,"disco":0.8728813559,"hiphop":0.9137254902,"jazz":0.9021956088,"metal":0.9227799228,"pop":0.9071729958,"reggae":0.9128787879,"rock":0.8409586057},"support":{"blues":236.0,"classical":247.0,"country":263.0,"disco":229.0,"hiphop":262.0,"jazz":251.0,"metal":259.0,"pop":242.0,"reggae":265.0,"rock":244.0}}